ArraySize,MetalTime,MetalSD,BLASTime,BLASSD,vDSPTime,vDSPSD
8192,158.940002,64.017311,0.420000,4.178946,0.080000,0.795991
16384,167.429993,69.588974,0.990000,0.099499,0.730000,0.443959
65536,244.660004,237.398865,3.280000,0.511468,3.070000,0.255147
262144,282.170013,247.587799,15.470000,6.493773,13.250000,3.374537
524288,373.709991,340.289429,31.860001,7.942320,25.719999,1.581645
1048576,539.270020,354.660400,92.000000,10.531857,76.169998,11.037253
134217728,34291.941406,67161.562500,34831.109375,11430.151367,34874.171875,5209.669922
268435456,59837.878906,55785.492188,70905.531250,22784.769531,70244.601562,8275.695312
536870912,119221.281250,126968.515625,143652.984375,51743.687500,140591.343750,26656.113281
