ArraySize,MetalTime,MetalSD,BLASTime,BLASSD,vDSPTime,vDSPSD
8192,171.610001,62.262032,0.350000,3.482465,0.080000,0.795991
16384,170.009995,81.529663,1.000000,0.000000,0.970000,0.170587
65536,216.710007,180.216583,3.190000,0.976679,3.050000,0.217945
262144,298.649994,255.008301,14.820000,2.797787,13.180000,1.639391
524288,353.839996,240.126709,31.190001,4.529228,25.629999,3.846179
1048576,484.130005,262.998993,96.059998,11.703691,76.320000,9.837562
134217728,28461.539062,6591.241211,29229.710938,6146.226074,28456.380859,1433.166870
268435456,56079.960938,15098.896484,58237.339844,14235.158203,56814.750000,2659.018066
536870912,119710.117188,105876.718750,120260.320312,46653.691406,115835.187500,17312.550781
