ArraySize,MetalTime,MetalSD,BLASTime,BLASSD,vDSPTime,vDSPSD
8192,178.839996,104.136414,0.670000,6.566653,0.210000,2.089473
16384,188.339996,260.024994,1.010000,0.099499,0.860000,0.346987
65536,670.890015,1666.504883,10.020000,10.720987,5.070000,1.981187
262144,283.739990,292.170532,15.340000,3.027276,13.420000,0.814616
524288,374.079987,256.668182,32.150002,9.451323,26.350000,1.472243
1048576,503.600006,308.852203,95.519997,21.409569,80.709999,11.311318
134217728,28057.279297,5321.514648,29058.779297,6096.792969,28426.759766,1433.055176
268435456,55169.000000,10926.945312,57904.851562,11975.435547,56311.628906,2167.895264
536870912,151351.515625,431322.406250,117510.789062,47233.570312,115740.937500,25906.777344
