ArraySize,MetalTime,MetalSD,BLASTime,BLASSD,vDSPTime,vDSPSD
8192,189.529999,177.863678,0.460000,4.104674,0.010000,0.099499
16384,201.550003,250.941269,1.030000,0.298497,1.260000,1.597622
65536,219.820007,206.102554,2.080000,0.795991,6.350000,1.080509
262144,260.459991,378.730560,8.530000,2.917033,26.059999,0.772270
524288,339.540009,282.119415,16.510000,4.678655,57.320000,17.297329
1048576,540.500000,600.624451,62.020000,8.261945,142.869995,76.633369
134217728,30943.609375,5860.399414,22349.750000,6440.357910,21533.070312,1336.303833
268435456,60988.519531,12088.226562,43658.191406,10633.881836,42626.660156,1644.390259
536870912,133508.984375,125159.117188,101985.023438,64345.281250,85003.242188,1647.703003
