ArraySize,MetalTime,MetalSD,BLASTime,BLASSD,vDSPTime,vDSPSD
8192,175.660004,74.048805,0.540000,5.173810,0.010000,0.099499
16384,179.660004,139.917282,0.090000,0.530943,0.990000,0.172916
65536,238.589996,350.393188,2.020000,0.198998,6.030000,0.221585
262144,289.739990,511.968658,7.630000,1.119419,25.280001,0.567098
524288,316.420013,622.141724,17.070000,5.607597,53.869999,1.035905
1048576,471.309998,559.216370,47.250000,7.823522,124.910004,4.081900
134217728,27837.830078,5417.440918,18659.019531,6350.579590,18307.169922,636.740356
268435456,55260.148438,11207.124023,37741.621094,10584.416016,36906.191406,2125.765381
536870912,135968.593750,271986.281250,81095.398438,42800.023438,91826.507812,125469.929688
