ArraySize,MetalTime,MetalSD,BLASTime,BLASSD,vDSPTime,vDSPSD
32,11.190000,87.865837,0.600000,5.969934,0.050000,0.497494
64,18.090000,150.300644,1.090000,0.895490,1.010000,0.099499
128,25.889999,219.566772,7.210000,1.991456,7.040000,0.195959
1024,286.489990,2072.982666,1809.739990,174.587814,1758.890015,27.022913
2048,1767.550049,12396.217773,18738.230469,2584.633301,18302.509766,419.821930
4096,15718.009766,110036.460938,145897.468750,5937.103516,146940.359375,2779.233643
8192,125182.328125,876278.375000,1184637.250000,13320.301758,1213320.125000,66448.101562
16384,908795.187500,6380571.500000,9558226.000000,143806.250000,9512147.000000,183499.000000
