ArraySize,MetalTime,MetalSD,BLASTime,BLASSD,vDSPTime,vDSPSD
32,14.520000,83.061134,19.620001,195.015762,0.060000,0.596993
64,22.840000,150.759872,0.750000,4.871089,0.140000,0.616766
128,46.549999,304.169312,0.490000,2.729453,0.310000,1.354216
1024,643.190002,2878.884521,143.429993,643.803772,117.339996,525.057617
2048,4028.979980,17585.572266,1449.829956,7006.718750,1027.219971,4479.653320
4096,34718.398438,151366.375000,8503.459961,37380.781250,7887.540039,34389.468750
8192,287724.250000,1254922.500000,64169.101562,279828.437500,63393.058594,276324.937500
16384,2184675.000000,9522823.000000,521981.875000,2275875.000000,529704.062500,2309615.250000
